name,z0(m),z1(m),d0(mm),d1(mm),field(T_T/m),x0(m),x1(m),roty(mrad)
"Q1eR", -5.3, -7.1, 96, 111, 13.3153, 0, 0, 0
"Q2eR", -7.6, -9, 129, 129, -12.0595, 0, 0, 0
"B2AeR", -9.61, -11.39, 140, 140, 0.192, 0, 0, 0
"B2BeR", -11.685, -14.865, 196, 196, 0.238, 0, 0, 0
"Q3eR", -37.7, -38.3, 100, 100, 0, 0.46003, 0.47087, 18.08
